实体名称,实体类别,起始位置,结束位置,抽取方式,上下文
数据结构,基础概念,0,4,dictionary,数据结构是研究数据如何组织、存储和管理的学科。
存储,操作,14,16,dictionary,数据结构是研究数据如何组织、存储和管理的学科。
数据结构,基础概念,23,27,dictionary,数据结构主要关注数据元素之间的关系以及数据在计算机内存中的存储方式。
数据元素,基础概念,31,35,dictionary,数据结构主要关注数据元素之间的关系以及数据在计算机内存中的存储方式。
内存,基础概念,48,50,dictionary,数据结构主要关注数据元素之间的关系以及数据在计算机内存中的存储方式。
存储,操作,52,54,dictionary,数据结构主要关注数据元素之间的关系以及数据在计算机内存中的存储方式。
数据结构,基础概念,71,75,dictionary,算法是解决问题的步骤和方法，数据结构与算法密切相关。
数据结构,基础概念,83,87,dictionary,数据结构决定数据的组织方式，算法决定数据的处理方式。
数据结构,基础概念,112,116,dictionary,优秀的数据结构可以提高算法效率，合适的算法可以充分发挥数据结构的作用。
数据结构,基础概念,136,140,dictionary,优秀的数据结构可以提高算法效率，合适的算法可以充分发挥数据结构的作用。
数据结构,基础概念,146,150,dictionary,数据结构可以分为逻辑结构和物理结构。
逻辑结构,基础概念,154,158,dictionary,数据结构可以分为逻辑结构和物理结构。
物理结构,基础概念,159,163,dictionary,数据结构可以分为逻辑结构和物理结构。
逻辑结构,基础概念,164,168,dictionary,逻辑结构描述数据元素之间的逻辑关系，物理结构描述数据元素在计算机内存中的实际存储方式。
数据元素,基础概念,170,174,dictionary,逻辑结构描述数据元素之间的逻辑关系，物理结构描述数据元素在计算机内存中的实际存储方式。
物理结构,基础概念,182,186,dictionary,逻辑结构描述数据元素之间的逻辑关系，物理结构描述数据元素在计算机内存中的实际存储方式。
数据元素,基础概念,188,192,dictionary,逻辑结构描述数据元素之间的逻辑关系，物理结构描述数据元素在计算机内存中的实际存储方式。
内存,基础概念,196,198,dictionary,逻辑结构描述数据元素之间的逻辑关系，物理结构描述数据元素在计算机内存中的实际存储方式。
存储,操作,202,204,dictionary,逻辑结构描述数据元素之间的逻辑关系，物理结构描述数据元素在计算机内存中的实际存储方式。
逻辑结构,基础概念,210,214,dictionary,常见的逻辑结构包括线性结构、树形结构、图结构和集合结构。
线性结构,逻辑结构,216,220,dictionary,常见的逻辑结构包括线性结构、树形结构、图结构和集合结构。
树,数据结构,221,222,dictionary,常见的逻辑结构包括线性结构、树形结构、图结构和集合结构。
树形结构,逻辑结构,221,225,dictionary,常见的逻辑结构包括线性结构、树形结构、图结构和集合结构。
图,数据结构,226,227,dictionary,常见的逻辑结构包括线性结构、树形结构、图结构和集合结构。
图结构,逻辑结构,226,229,dictionary,常见的逻辑结构包括线性结构、树形结构、图结构和集合结构。
集合结构,逻辑结构,230,234,dictionary,常见的逻辑结构包括线性结构、树形结构、图结构和集合结构。
物理结构,基础概念,238,242,dictionary,常见的物理结构包括顺序存储结构和链式存储结构。
顺序存储,存储结构,244,248,dictionary,常见的物理结构包括顺序存储结构和链式存储结构。
存储,操作,246,248,dictionary,常见的物理结构包括顺序存储结构和链式存储结构。
链式存储,存储结构,251,255,dictionary,常见的物理结构包括顺序存储结构和链式存储结构。
存储,操作,253,255,dictionary,常见的物理结构包括顺序存储结构和链式存储结构。
线性表,数据结构,260,263,dictionary,线性表是一种用于存储逻辑关系为一对一的数据结构。
存储,操作,268,270,dictionary,线性表是一种用于存储逻辑关系为一对一的数据结构。
一对一,性质特征,275,278,dictionary,线性表是一种用于存储逻辑关系为一对一的数据结构。
数据结构,基础概念,279,283,dictionary,线性表是一种用于存储逻辑关系为一对一的数据结构。
线性表,数据结构,284,287,dictionary,线性表中的每个数据元素最多只有一个直接前驱和一个直接后继。
数据元素,基础概念,291,295,dictionary,线性表中的每个数据元素最多只有一个直接前驱和一个直接后继。
线性表,数据结构,313,316,dictionary,线性表包括顺序表、链表和静态链表。
顺序表,数据结构,318,321,dictionary,线性表包括顺序表、链表和静态链表。
链表,数据结构,322,324,dictionary,线性表包括顺序表、链表和静态链表。
静态链表,结构子类,325,329,dictionary,线性表包括顺序表、链表和静态链表。
链表,数据结构,327,329,dictionary,线性表包括顺序表、链表和静态链表。
顺序表,数据结构,332,335,dictionary,顺序表是一种采用顺序存储结构实现的线性表。
顺序存储,存储结构,340,344,dictionary,顺序表是一种采用顺序存储结构实现的线性表。
存储,操作,342,344,dictionary,顺序表是一种采用顺序存储结构实现的线性表。
线性表,数据结构,349,352,dictionary,顺序表是一种采用顺序存储结构实现的线性表。
顺序表,数据结构,353,356,dictionary,顺序表使用一段连续的内存空间存储数据元素。
内存,基础概念,363,365,dictionary,顺序表使用一段连续的内存空间存储数据元素。
存储,操作,367,369,dictionary,顺序表使用一段连续的内存空间存储数据元素。
数据元素,基础概念,369,373,dictionary,顺序表使用一段连续的内存空间存储数据元素。
顺序表,数据结构,374,377,dictionary,顺序表支持插入、删除、查找和修改操作。
插入,操作,379,381,dictionary,顺序表支持插入、删除、查找和修改操作。
删除,操作,382,384,dictionary,顺序表支持插入、删除、查找和修改操作。
查找,操作,385,387,dictionary,顺序表支持插入、删除、查找和修改操作。
修改,操作,388,390,dictionary,顺序表支持插入、删除、查找和修改操作。
数组,数据结构,393,395,dictionary,数组是一种常见的顺序存储结构。
顺序存储,存储结构,401,405,dictionary,数组是一种常见的顺序存储结构。
存储,操作,403,405,dictionary,数组是一种常见的顺序存储结构。
顺序表,数据结构,408,411,dictionary,顺序表和数组都使用连续存储空间，但顺序表更强调线性表的抽象操作，数组更强调具体的存储形式。
数组,数据结构,412,414,dictionary,顺序表和数组都使用连续存储空间，但顺序表更强调线性表的抽象操作，数组更强调具体的存储形式。
连续存储,存储结构,417,421,dictionary,顺序表和数组都使用连续存储空间，但顺序表更强调线性表的抽象操作，数组更强调具体的存储形式。
连续存储,性质特征,417,421,dictionary,顺序表和数组都使用连续存储空间，但顺序表更强调线性表的抽象操作，数组更强调具体的存储形式。
存储,操作,419,421,dictionary,顺序表和数组都使用连续存储空间，但顺序表更强调线性表的抽象操作，数组更强调具体的存储形式。
存储空间,基础概念,419,423,dictionary,顺序表和数组都使用连续存储空间，但顺序表更强调线性表的抽象操作，数组更强调具体的存储形式。
顺序表,数据结构,425,428,dictionary,顺序表和数组都使用连续存储空间，但顺序表更强调线性表的抽象操作，数组更强调具体的存储形式。
线性表,数据结构,431,434,dictionary,顺序表和数组都使用连续存储空间，但顺序表更强调线性表的抽象操作，数组更强调具体的存储形式。
数组,数据结构,440,442,dictionary,顺序表和数组都使用连续存储空间，但顺序表更强调线性表的抽象操作，数组更强调具体的存储形式。
存储,操作,448,450,dictionary,顺序表和数组都使用连续存储空间，但顺序表更强调线性表的抽象操作，数组更强调具体的存储形式。
链表,数据结构,455,457,dictionary,链表是一种采用链式存储结构实现的线性表。
链式存储,存储结构,462,466,dictionary,链表是一种采用链式存储结构实现的线性表。
存储,操作,464,466,dictionary,链表是一种采用链式存储结构实现的线性表。
线性表,数据结构,471,474,dictionary,链表是一种采用链式存储结构实现的线性表。
链表,数据结构,475,477,dictionary,链表通过指针或引用将多个结点连接起来。
指针,基础概念,479,481,dictionary,链表通过指针或引用将多个结点连接起来。
结点,基础概念,487,489,dictionary,链表通过指针或引用将多个结点连接起来。
连接,操作,489,491,dictionary,链表通过指针或引用将多个结点连接起来。
链表,数据结构,494,496,dictionary,链表的结点通常包括数据域和指针域。
结点,基础概念,497,499,dictionary,链表的结点通常包括数据域和指针域。
指针,基础概念,507,509,dictionary,链表的结点通常包括数据域和指针域。
链表,数据结构,511,513,dictionary,链表支持插入、删除、查找和修改操作。
插入,操作,515,517,dictionary,链表支持插入、删除、查找和修改操作。
删除,操作,518,520,dictionary,链表支持插入、删除、查找和修改操作。
查找,操作,521,523,dictionary,链表支持插入、删除、查找和修改操作。
修改,操作,524,526,dictionary,链表支持插入、删除、查找和修改操作。
链表,数据结构,529,531,dictionary,链表包括单链表、双向链表、循环链表和双向循环链表。
单链表,结构子类,533,536,dictionary,链表包括单链表、双向链表、循环链表和双向循环链表。
链表,数据结构,534,536,dictionary,链表包括单链表、双向链表、循环链表和双向循环链表。
双向链表,结构子类,537,541,dictionary,链表包括单链表、双向链表、循环链表和双向循环链表。
链表,数据结构,539,541,dictionary,链表包括单链表、双向链表、循环链表和双向循环链表。
循环链表,结构子类,542,546,dictionary,链表包括单链表、双向链表、循环链表和双向循环链表。
链表,数据结构,544,546,dictionary,链表包括单链表、双向链表、循环链表和双向循环链表。
双向循环链表,结构子类,547,553,dictionary,链表包括单链表、双向链表、循环链表和双向循环链表。
循环链表,结构子类,549,553,dictionary,链表包括单链表、双向链表、循环链表和双向循环链表。
链表,数据结构,551,553,dictionary,链表包括单链表、双向链表、循环链表和双向循环链表。
单链表,结构子类,554,557,dictionary,单链表的每个结点只包含一个指向后继结点的指针。
链表,数据结构,555,557,dictionary,单链表的每个结点只包含一个指向后继结点的指针。
结点,基础概念,560,562,dictionary,单链表的每个结点只包含一个指向后继结点的指针。
后继结点,基础概念,569,573,dictionary,单链表的每个结点只包含一个指向后继结点的指针。
结点,基础概念,571,573,dictionary,单链表的每个结点只包含一个指向后继结点的指针。
指针,基础概念,574,576,dictionary,单链表的每个结点只包含一个指向后继结点的指针。
双向链表,结构子类,577,581,dictionary,双向链表的每个结点包含指向前驱结点和后继结点的两个指针。
链表,数据结构,579,581,dictionary,双向链表的每个结点包含指向前驱结点和后继结点的两个指针。
结点,基础概念,584,586,dictionary,双向链表的每个结点包含指向前驱结点和后继结点的两个指针。
前驱结点,基础概念,590,594,dictionary,双向链表的每个结点包含指向前驱结点和后继结点的两个指针。
结点,基础概念,592,594,dictionary,双向链表的每个结点包含指向前驱结点和后继结点的两个指针。
后继结点,基础概念,595,599,dictionary,双向链表的每个结点包含指向前驱结点和后继结点的两个指针。
结点,基础概念,597,599,dictionary,双向链表的每个结点包含指向前驱结点和后继结点的两个指针。
指针,基础概念,602,604,dictionary,双向链表的每个结点包含指向前驱结点和后继结点的两个指针。
循环链表,结构子类,605,609,dictionary,循环链表的尾结点指向头结点。
链表,数据结构,607,609,dictionary,循环链表的尾结点指向头结点。
结点,基础概念,611,613,dictionary,循环链表的尾结点指向头结点。
结点,基础概念,616,618,dictionary,循环链表的尾结点指向头结点。
双向循环链表,结构子类,619,625,dictionary,双向循环链表同时具有双向链表和循环链表的特点。
循环链表,结构子类,621,625,dictionary,双向循环链表同时具有双向链表和循环链表的特点。
链表,数据结构,623,625,dictionary,双向循环链表同时具有双向链表和循环链表的特点。
双向链表,结构子类,629,633,dictionary,双向循环链表同时具有双向链表和循环链表的特点。
链表,数据结构,631,633,dictionary,双向循环链表同时具有双向链表和循环链表的特点。
循环链表,结构子类,634,638,dictionary,双向循环链表同时具有双向链表和循环链表的特点。
链表,数据结构,636,638,dictionary,双向循环链表同时具有双向链表和循环链表的特点。
静态链表,结构子类,644,648,dictionary,静态链表是一种使用数组模拟链式存储结构的线性表。
链表,数据结构,646,648,dictionary,静态链表是一种使用数组模拟链式存储结构的线性表。
数组,数据结构,653,655,dictionary,静态链表是一种使用数组模拟链式存储结构的线性表。
链式存储,存储结构,657,661,dictionary,静态链表是一种使用数组模拟链式存储结构的线性表。
存储,操作,659,661,dictionary,静态链表是一种使用数组模拟链式存储结构的线性表。
线性表,数据结构,664,667,dictionary,静态链表是一种使用数组模拟链式存储结构的线性表。
静态链表,结构子类,668,672,dictionary,静态链表通过数组下标表示结点之间的逻辑关系。
链表,数据结构,670,672,dictionary,静态链表通过数组下标表示结点之间的逻辑关系。
数组,数据结构,674,676,dictionary,静态链表通过数组下标表示结点之间的逻辑关系。
结点,基础概念,680,682,dictionary,静态链表通过数组下标表示结点之间的逻辑关系。
静态链表,结构子类,690,694,dictionary,静态链表支持插入、删除、查找和修改操作。
链表,数据结构,692,694,dictionary,静态链表支持插入、删除、查找和修改操作。
插入,操作,696,698,dictionary,静态链表支持插入、删除、查找和修改操作。
删除,操作,699,701,dictionary,静态链表支持插入、删除、查找和修改操作。
查找,操作,702,704,dictionary,静态链表支持插入、删除、查找和修改操作。
修改,操作,705,707,dictionary,静态链表支持插入、删除、查找和修改操作。
静态链表,结构子类,710,714,dictionary,静态链表和动态链表的区别在于，静态链表使用数组分配存储空间，动态链表使用动态内存分配存储空间。
链表,数据结构,712,714,dictionary,静态链表和动态链表的区别在于，静态链表使用数组分配存储空间，动态链表使用动态内存分配存储空间。
动态链表,结构子类,715,719,dictionary,静态链表和动态链表的区别在于，静态链表使用数组分配存储空间，动态链表使用动态内存分配存储空间。
链表,数据结构,717,719,dictionary,静态链表和动态链表的区别在于，静态链表使用数组分配存储空间，动态链表使用动态内存分配存储空间。
静态链表,结构子类,725,729,dictionary,静态链表和动态链表的区别在于，静态链表使用数组分配存储空间，动态链表使用动态内存分配存储空间。
链表,数据结构,727,729,dictionary,静态链表和动态链表的区别在于，静态链表使用数组分配存储空间，动态链表使用动态内存分配存储空间。
数组,数据结构,731,733,dictionary,静态链表和动态链表的区别在于，静态链表使用数组分配存储空间，动态链表使用动态内存分配存储空间。
存储,操作,735,737,dictionary,静态链表和动态链表的区别在于，静态链表使用数组分配存储空间，动态链表使用动态内存分配存储空间。
存储空间,基础概念,735,739,dictionary,静态链表和动态链表的区别在于，静态链表使用数组分配存储空间，动态链表使用动态内存分配存储空间。
动态链表,结构子类,740,744,dictionary,静态链表和动态链表的区别在于，静态链表使用数组分配存储空间，动态链表使用动态内存分配存储空间。
链表,数据结构,742,744,dictionary,静态链表和动态链表的区别在于，静态链表使用数组分配存储空间，动态链表使用动态内存分配存储空间。
内存,基础概念,748,750,dictionary,静态链表和动态链表的区别在于，静态链表使用数组分配存储空间，动态链表使用动态内存分配存储空间。
存储,操作,752,754,dictionary,静态链表和动态链表的区别在于，静态链表使用数组分配存储空间，动态链表使用动态内存分配存储空间。
存储空间,基础概念,752,756,dictionary,静态链表和动态链表的区别在于，静态链表使用数组分配存储空间，动态链表使用动态内存分配存储空间。
链表,数据结构,759,761,dictionary,链表相关的常见问题包括删除链表倒数第N个结点、单链表反转、判断两个单链表是否相交和判断链表中是否存在环。
删除,操作,770,772,dictionary,链表相关的常见问题包括删除链表倒数第N个结点、单链表反转、判断两个单链表是否相交和判断链表中是否存在环。
链表,数据结构,772,774,dictionary,链表相关的常见问题包括删除链表倒数第N个结点、单链表反转、判断两个单链表是否相交和判断链表中是否存在环。
结点,基础概念,779,781,dictionary,链表相关的常见问题包括删除链表倒数第N个结点、单链表反转、判断两个单链表是否相交和判断链表中是否存在环。
单链表,结构子类,782,785,dictionary,链表相关的常见问题包括删除链表倒数第N个结点、单链表反转、判断两个单链表是否相交和判断链表中是否存在环。
链表,数据结构,783,785,dictionary,链表相关的常见问题包括删除链表倒数第N个结点、单链表反转、判断两个单链表是否相交和判断链表中是否存在环。
反转,操作,785,787,dictionary,链表相关的常见问题包括删除链表倒数第N个结点、单链表反转、判断两个单链表是否相交和判断链表中是否存在环。
单链表,结构子类,792,795,dictionary,链表相关的常见问题包括删除链表倒数第N个结点、单链表反转、判断两个单链表是否相交和判断链表中是否存在环。
链表,数据结构,793,795,dictionary,链表相关的常见问题包括删除链表倒数第N个结点、单链表反转、判断两个单链表是否相交和判断链表中是否存在环。
链表,数据结构,802,804,dictionary,链表相关的常见问题包括删除链表倒数第N个结点、单链表反转、判断两个单链表是否相交和判断链表中是否存在环。
栈,数据结构,813,814,dictionary,栈是一种特殊的线性表。
线性表,数据结构,820,823,dictionary,栈是一种特殊的线性表。
栈,数据结构,824,825,dictionary,栈用于存储逻辑关系为一对一的数据。
存储,操作,827,829,dictionary,栈用于存储逻辑关系为一对一的数据。
一对一,性质特征,834,837,dictionary,栈用于存储逻辑关系为一对一的数据。
栈,数据结构,841,842,dictionary,栈的存取规则是先进后出。
先进后出,性质特征,848,852,dictionary,栈的存取规则是先进后出。
栈,数据结构,853,854,dictionary,栈只允许在栈顶进行插入和删除操作。
栈,数据结构,858,859,dictionary,栈只允许在栈顶进行插入和删除操作。
插入,操作,862,864,dictionary,栈只允许在栈顶进行插入和删除操作。
删除,操作,865,867,dictionary,栈只允许在栈顶进行插入和删除操作。
栈,数据结构,870,871,dictionary,栈的插入操作称为入栈，栈的删除操作称为出栈。
插入,操作,872,874,dictionary,栈的插入操作称为入栈，栈的删除操作称为出栈。
入栈,操作,878,880,dictionary,栈的插入操作称为入栈，栈的删除操作称为出栈。
栈,数据结构,879,880,dictionary,栈的插入操作称为入栈，栈的删除操作称为出栈。
栈,数据结构,881,882,dictionary,栈的插入操作称为入栈，栈的删除操作称为出栈。
删除,操作,883,885,dictionary,栈的插入操作称为入栈，栈的删除操作称为出栈。
出栈,操作,889,891,dictionary,栈的插入操作称为入栈，栈的删除操作称为出栈。
栈,数据结构,890,891,dictionary,栈的插入操作称为入栈，栈的删除操作称为出栈。
栈,数据结构,892,893,dictionary,栈包括顺序栈和链栈。
顺序栈,结构子类,895,898,dictionary,栈包括顺序栈和链栈。
栈,数据结构,897,898,dictionary,栈包括顺序栈和链栈。
链栈,结构子类,899,901,dictionary,栈包括顺序栈和链栈。
栈,数据结构,900,901,dictionary,栈包括顺序栈和链栈。
顺序栈,结构子类,902,905,dictionary,顺序栈采用顺序存储结构实现。
栈,数据结构,904,905,dictionary,顺序栈采用顺序存储结构实现。
顺序存储,存储结构,907,911,dictionary,顺序栈采用顺序存储结构实现。
存储,操作,909,911,dictionary,顺序栈采用顺序存储结构实现。
链栈,结构子类,916,918,dictionary,链栈采用链式存储结构实现。
栈,数据结构,917,918,dictionary,链栈采用链式存储结构实现。
链式存储,存储结构,920,924,dictionary,链栈采用链式存储结构实现。
存储,操作,922,924,dictionary,链栈采用链式存储结构实现。
栈,数据结构,929,930,dictionary,栈的典型应用包括递归调用、进制转换、括号匹配和表达式求值。
递归调用,应用问题,937,941,dictionary,栈的典型应用包括递归调用、进制转换、括号匹配和表达式求值。
进制转换,应用问题,942,946,dictionary,栈的典型应用包括递归调用、进制转换、括号匹配和表达式求值。
括号匹配,应用问题,947,951,dictionary,栈的典型应用包括递归调用、进制转换、括号匹配和表达式求值。
匹配,操作,949,951,dictionary,栈的典型应用包括递归调用、进制转换、括号匹配和表达式求值。
表达式求值,应用问题,952,957,dictionary,栈的典型应用包括递归调用、进制转换、括号匹配和表达式求值。
队列,数据结构,960,962,dictionary,队列是一种特殊的线性表。
线性表,数据结构,968,971,dictionary,队列是一种特殊的线性表。
队列,数据结构,972,974,dictionary,队列用于存储逻辑关系为一对一的数据。
存储,操作,976,978,dictionary,队列用于存储逻辑关系为一对一的数据。
一对一,性质特征,983,986,dictionary,队列用于存储逻辑关系为一对一的数据。
队列,数据结构,990,992,dictionary,队列的存取规则是先进先出。
先进先出,性质特征,998,1002,dictionary,队列的存取规则是先进先出。
队列,数据结构,1003,1005,dictionary,队列允许在队尾插入元素，在队头删除元素。
插入,操作,1010,1012,dictionary,队列允许在队尾插入元素，在队头删除元素。
删除,操作,1018,1020,dictionary,队列允许在队尾插入元素，在队头删除元素。
队列,数据结构,1023,1025,dictionary,队列的插入操作称为入队，队列的删除操作称为出队。
插入,操作,1026,1028,dictionary,队列的插入操作称为入队，队列的删除操作称为出队。
入队,操作,1032,1034,dictionary,队列的插入操作称为入队，队列的删除操作称为出队。
队列,数据结构,1035,1037,dictionary,队列的插入操作称为入队，队列的删除操作称为出队。
删除,操作,1038,1040,dictionary,队列的插入操作称为入队，队列的删除操作称为出队。
出队,操作,1044,1046,dictionary,队列的插入操作称为入队，队列的删除操作称为出队。
队列,数据结构,1047,1049,dictionary,队列包括顺序队列、循环队列和链式队列。
顺序队列,结构子类,1051,1055,dictionary,队列包括顺序队列、循环队列和链式队列。
队列,数据结构,1053,1055,dictionary,队列包括顺序队列、循环队列和链式队列。
循环队列,结构子类,1056,1060,dictionary,队列包括顺序队列、循环队列和链式队列。
队列,数据结构,1058,1060,dictionary,队列包括顺序队列、循环队列和链式队列。
链式队列,结构子类,1061,1065,dictionary,队列包括顺序队列、循环队列和链式队列。
队列,数据结构,1063,1065,dictionary,队列包括顺序队列、循环队列和链式队列。
循环队列,结构子类,1066,1070,dictionary,循环队列是顺序队列的一种改进形式，可以提高存储空间利用率。
队列,数据结构,1068,1070,dictionary,循环队列是顺序队列的一种改进形式，可以提高存储空间利用率。
顺序队列,结构子类,1071,1075,dictionary,循环队列是顺序队列的一种改进形式，可以提高存储空间利用率。
队列,数据结构,1073,1075,dictionary,循环队列是顺序队列的一种改进形式，可以提高存储空间利用率。
存储,操作,1087,1089,dictionary,循环队列是顺序队列的一种改进形式，可以提高存储空间利用率。
存储空间,基础概念,1087,1091,dictionary,循环队列是顺序队列的一种改进形式，可以提高存储空间利用率。
队列,数据结构,1095,1097,dictionary,队列的典型问题包括两个栈实现一个队列和两个队列实现一个栈。
栈,数据结构,1106,1107,dictionary,队列的典型问题包括两个栈实现一个队列和两个队列实现一个栈。
队列,数据结构,1111,1113,dictionary,队列的典型问题包括两个栈实现一个队列和两个队列实现一个栈。
队列,数据结构,1116,1118,dictionary,队列的典型问题包括两个栈实现一个队列和两个队列实现一个栈。
栈,数据结构,1122,1123,dictionary,队列的典型问题包括两个栈实现一个队列和两个队列实现一个栈。
串,数据结构,1126,1127,dictionary,串是一种用于存储多个字符的数据结构。
存储,操作,1132,1134,dictionary,串是一种用于存储多个字符的数据结构。
数据结构,基础概念,1139,1143,dictionary,串是一种用于存储多个字符的数据结构。
串,数据结构,1144,1145,dictionary,串中的字符之间具有一对一的逻辑关系。
一对一,性质特征,1153,1156,dictionary,串中的字符之间具有一对一的逻辑关系。
串,数据结构,1162,1163,dictionary,串可以采用顺序存储结构，也可以采用链式存储结构。
顺序存储,存储结构,1167,1171,dictionary,串可以采用顺序存储结构，也可以采用链式存储结构。
存储,操作,1169,1171,dictionary,串可以采用顺序存储结构，也可以采用链式存储结构。
链式存储,存储结构,1179,1183,dictionary,串可以采用顺序存储结构，也可以采用链式存储结构。
存储,操作,1181,1183,dictionary,串可以采用顺序存储结构，也可以采用链式存储结构。
串,数据结构,1186,1187,dictionary,串的顺序存储包括定长顺序存储和堆分配存储。
顺序存储,存储结构,1188,1192,dictionary,串的顺序存储包括定长顺序存储和堆分配存储。
存储,操作,1190,1192,dictionary,串的顺序存储包括定长顺序存储和堆分配存储。
顺序存储,存储结构,1196,1200,dictionary,串的顺序存储包括定长顺序存储和堆分配存储。
存储,操作,1198,1200,dictionary,串的顺序存储包括定长顺序存储和堆分配存储。
堆,数据结构,1201,1202,dictionary,串的顺序存储包括定长顺序存储和堆分配存储。
堆分配存储,存储结构,1201,1206,dictionary,串的顺序存储包括定长顺序存储和堆分配存储。
存储,操作,1204,1206,dictionary,串的顺序存储包括定长顺序存储和堆分配存储。
串,数据结构,1207,1208,dictionary,串的链式存储包括块链存储。
链式存储,存储结构,1209,1213,dictionary,串的链式存储包括块链存储。
存储,操作,1211,1213,dictionary,串的链式存储包括块链存储。
块链存储,存储结构,1215,1219,dictionary,串的链式存储包括块链存储。
存储,操作,1217,1219,dictionary,串的链式存储包括块链存储。
串,数据结构,1220,1221,dictionary,串相关的算法包括BF算法和KMP算法。
BF算法,算法,1228,1232,dictionary,串相关的算法包括BF算法和KMP算法。
KMP算法,算法,1233,1238,dictionary,串相关的算法包括BF算法和KMP算法。
BF算法,算法,1239,1243,dictionary,BF算法是一种普通模式匹配算法。
模式匹配,应用问题,1248,1252,dictionary,BF算法是一种普通模式匹配算法。
匹配,操作,1250,1252,dictionary,BF算法是一种普通模式匹配算法。
KMP算法,算法,1255,1260,dictionary,KMP算法是一种高效的字符串模式匹配算法。
串,数据结构,1268,1269,dictionary,KMP算法是一种高效的字符串模式匹配算法。
模式匹配,应用问题,1269,1273,dictionary,KMP算法是一种高效的字符串模式匹配算法。
匹配,操作,1271,1273,dictionary,KMP算法是一种高效的字符串模式匹配算法。
数组,数据结构,1278,1280,dictionary,数组是一种按照顺序存储方式组织数据的数据结构。
顺序存储,存储结构,1285,1289,dictionary,数组是一种按照顺序存储方式组织数据的数据结构。
存储,操作,1287,1289,dictionary,数组是一种按照顺序存储方式组织数据的数据结构。
数据结构,基础概念,1296,1300,dictionary,数组是一种按照顺序存储方式组织数据的数据结构。
数组,数据结构,1301,1303,dictionary,数组用于存储多个具有相同类型的数据元素。
存储,操作,1305,1307,dictionary,数组用于存储多个具有相同类型的数据元素。
数据元素,基础概念,1316,1320,dictionary,数组用于存储多个具有相同类型的数据元素。
数组,数据结构,1321,1323,dictionary,数组中的元素可以通过下标直接访问。
数组,数据结构,1338,1340,dictionary,数组适合实现顺序存储结构。
顺序存储,存储结构,1344,1348,dictionary,数组适合实现顺序存储结构。
存储,操作,1346,1348,dictionary,数组适合实现顺序存储结构。
数组,数据结构,1351,1353,dictionary,数组可以进行压缩存储。
压缩存储,操作,1357,1361,dictionary,数组可以进行压缩存储。
存储,操作,1359,1361,dictionary,数组可以进行压缩存储。
压缩存储,操作,1362,1366,dictionary,压缩存储适用于包含大量无效元素或重复元素的数据。
存储,操作,1364,1366,dictionary,压缩存储适用于包含大量无效元素或重复元素的数据。
稀疏矩阵,结构子类,1386,1390,dictionary,稀疏矩阵可以采用三元组顺序表、行逻辑链接顺序表和十字链表进行压缩存储。
矩阵,数据结构,1388,1390,dictionary,稀疏矩阵可以采用三元组顺序表、行逻辑链接顺序表和十字链表进行压缩存储。
三元组顺序表,结构子类,1394,1400,dictionary,稀疏矩阵可以采用三元组顺序表、行逻辑链接顺序表和十字链表进行压缩存储。
顺序表,数据结构,1397,1400,dictionary,稀疏矩阵可以采用三元组顺序表、行逻辑链接顺序表和十字链表进行压缩存储。
行逻辑链接顺序表,结构子类,1401,1409,dictionary,稀疏矩阵可以采用三元组顺序表、行逻辑链接顺序表和十字链表进行压缩存储。
顺序表,数据结构,1406,1409,dictionary,稀疏矩阵可以采用三元组顺序表、行逻辑链接顺序表和十字链表进行压缩存储。
十字链表,结构子类,1410,1414,dictionary,稀疏矩阵可以采用三元组顺序表、行逻辑链接顺序表和十字链表进行压缩存储。
链表,数据结构,1412,1414,dictionary,稀疏矩阵可以采用三元组顺序表、行逻辑链接顺序表和十字链表进行压缩存储。
压缩存储,操作,1416,1420,dictionary,稀疏矩阵可以采用三元组顺序表、行逻辑链接顺序表和十字链表进行压缩存储。
存储,操作,1418,1420,dictionary,稀疏矩阵可以采用三元组顺序表、行逻辑链接顺序表和十字链表进行压缩存储。
三元组顺序表,结构子类,1421,1427,dictionary,三元组顺序表是一种顺序存储结构。
顺序表,数据结构,1424,1427,dictionary,三元组顺序表是一种顺序存储结构。
顺序存储,存储结构,1430,1434,dictionary,三元组顺序表是一种顺序存储结构。
存储,操作,1432,1434,dictionary,三元组顺序表是一种顺序存储结构。
十字链表,结构子类,1437,1441,dictionary,十字链表是一种链式存储结构。
链表,数据结构,1439,1441,dictionary,十字链表是一种链式存储结构。
链式存储,存储结构,1444,1448,dictionary,十字链表是一种链式存储结构。
存储,操作,1446,1448,dictionary,十字链表是一种链式存储结构。
广义表,数据结构,1453,1456,dictionary,广义表是一种线性表的推广结构。
线性表,数据结构,1459,1462,dictionary,广义表是一种线性表的推广结构。
广义表,数据结构,1468,1471,dictionary,广义表中的元素可以是单个数据元素，也可以是另一个广义表。
数据元素,基础概念,1480,1484,dictionary,广义表中的元素可以是单个数据元素，也可以是另一个广义表。
广义表,数据结构,1492,1495,dictionary,广义表中的元素可以是单个数据元素，也可以是另一个广义表。
广义表,数据结构,1496,1499,dictionary,广义表可以采用链式存储结构。
链式存储,存储结构,1503,1507,dictionary,广义表可以采用链式存储结构。
存储,操作,1505,1507,dictionary,广义表可以采用链式存储结构。
广义表,数据结构,1510,1513,dictionary,广义表具有长度和深度两个重要属性。
广义表,数据结构,1527,1530,dictionary,广义表的常见操作包括复制、遍历和求长度。
复制,操作,1537,1539,dictionary,广义表的常见操作包括复制、遍历和求长度。
遍历,操作,1540,1542,dictionary,广义表的常见操作包括复制、遍历和求长度。
树,数据结构,1549,1550,dictionary,树是一种用于存储逻辑关系为一对多的数据结构。
存储,操作,1555,1557,dictionary,树是一种用于存储逻辑关系为一对多的数据结构。
一对多,性质特征,1562,1565,dictionary,树是一种用于存储逻辑关系为一对多的数据结构。
数据结构,基础概念,1566,1570,dictionary,树是一种用于存储逻辑关系为一对多的数据结构。
树,数据结构,1571,1572,dictionary,树由结点和边组成。
结点,基础概念,1573,1575,dictionary,树由结点和边组成。
边,基础概念,1576,1577,dictionary,树由结点和边组成。
树,数据结构,1580,1581,dictionary,树中的一个结点可以拥有多个孩子结点。
结点,基础概念,1585,1587,dictionary,树中的一个结点可以拥有多个孩子结点。
结点,基础概念,1595,1597,dictionary,树中的一个结点可以拥有多个孩子结点。
树,数据结构,1598,1599,dictionary,树包括普通树、二叉树、线索二叉树和哈夫曼树。
普通树,结构子类,1601,1604,dictionary,树包括普通树、二叉树、线索二叉树和哈夫曼树。
树,数据结构,1603,1604,dictionary,树包括普通树、二叉树、线索二叉树和哈夫曼树。
二叉树,结构子类,1605,1608,dictionary,树包括普通树、二叉树、线索二叉树和哈夫曼树。
树,数据结构,1607,1608,dictionary,树包括普通树、二叉树、线索二叉树和哈夫曼树。
线索二叉树,结构子类,1609,1614,dictionary,树包括普通树、二叉树、线索二叉树和哈夫曼树。
二叉树,结构子类,1611,1614,dictionary,树包括普通树、二叉树、线索二叉树和哈夫曼树。
树,数据结构,1613,1614,dictionary,树包括普通树、二叉树、线索二叉树和哈夫曼树。
哈夫曼树,结构子类,1615,1619,dictionary,树包括普通树、二叉树、线索二叉树和哈夫曼树。
树,数据结构,1618,1619,dictionary,树包括普通树、二叉树、线索二叉树和哈夫曼树。
普通树,结构子类,1620,1623,dictionary,普通树可以采用顺序存储结构和链式存储结构。
树,数据结构,1622,1623,dictionary,普通树可以采用顺序存储结构和链式存储结构。
顺序存储,存储结构,1627,1631,dictionary,普通树可以采用顺序存储结构和链式存储结构。
存储,操作,1629,1631,dictionary,普通树可以采用顺序存储结构和链式存储结构。
链式存储,存储结构,1634,1638,dictionary,普通树可以采用顺序存储结构和链式存储结构。
存储,操作,1636,1638,dictionary,普通树可以采用顺序存储结构和链式存储结构。
普通树,结构子类,1641,1644,dictionary,普通树的顺序存储方式包括双亲表示法。
树,数据结构,1643,1644,dictionary,普通树的顺序存储方式包括双亲表示法。
顺序存储,存储结构,1645,1649,dictionary,普通树的顺序存储方式包括双亲表示法。
存储,操作,1647,1649,dictionary,普通树的顺序存储方式包括双亲表示法。
普通树,结构子类,1659,1662,dictionary,普通树的链式存储方式包括孩子表示法和孩子兄弟表示法。
树,数据结构,1661,1662,dictionary,普通树的链式存储方式包括孩子表示法和孩子兄弟表示法。
链式存储,存储结构,1663,1667,dictionary,普通树的链式存储方式包括孩子表示法和孩子兄弟表示法。
存储,操作,1665,1667,dictionary,普通树的链式存储方式包括孩子表示法和孩子兄弟表示法。
二叉树,结构子类,1687,1690,dictionary,二叉树是一种特殊的树结构。
树,数据结构,1689,1690,dictionary,二叉树是一种特殊的树结构。
树,数据结构,1696,1697,dictionary,二叉树是一种特殊的树结构。
二叉树,结构子类,1700,1703,dictionary,二叉树中的每个结点最多有两个孩子结点。
树,数据结构,1702,1703,dictionary,二叉树中的每个结点最多有两个孩子结点。
结点,基础概念,1707,1709,dictionary,二叉树中的每个结点最多有两个孩子结点。
结点,基础概念,1716,1718,dictionary,二叉树中的每个结点最多有两个孩子结点。
二叉树,结构子类,1719,1722,dictionary,二叉树的两个孩子结点分别称为左孩子和右孩子。
树,数据结构,1721,1722,dictionary,二叉树的两个孩子结点分别称为左孩子和右孩子。
结点,基础概念,1727,1729,dictionary,二叉树的两个孩子结点分别称为左孩子和右孩子。
二叉树,结构子类,1741,1744,dictionary,二叉树可以采用顺序存储结构，也可以采用链式存储结构。
树,数据结构,1743,1744,dictionary,二叉树可以采用顺序存储结构，也可以采用链式存储结构。
顺序存储,存储结构,1748,1752,dictionary,二叉树可以采用顺序存储结构，也可以采用链式存储结构。
存储,操作,1750,1752,dictionary,二叉树可以采用顺序存储结构，也可以采用链式存储结构。
链式存储,存储结构,1760,1764,dictionary,二叉树可以采用顺序存储结构，也可以采用链式存储结构。
存储,操作,1762,1764,dictionary,二叉树可以采用顺序存储结构，也可以采用链式存储结构。
二叉树,结构子类,1767,1770,dictionary,二叉树的链式存储结构通常由数据域、左指针域和右指针域组成。
树,数据结构,1769,1770,dictionary,二叉树的链式存储结构通常由数据域、左指针域和右指针域组成。
链式存储,存储结构,1771,1775,dictionary,二叉树的链式存储结构通常由数据域、左指针域和右指针域组成。
存储,操作,1773,1775,dictionary,二叉树的链式存储结构通常由数据域、左指针域和右指针域组成。
指针,基础概念,1785,1787,dictionary,二叉树的链式存储结构通常由数据域、左指针域和右指针域组成。
指针,基础概念,1790,1792,dictionary,二叉树的链式存储结构通常由数据域、左指针域和右指针域组成。
二叉树,结构子类,1796,1799,dictionary,二叉树的遍历方式包括先序遍历、中序遍历、后序遍历和层次遍历。
树,数据结构,1798,1799,dictionary,二叉树的遍历方式包括先序遍历、中序遍历、后序遍历和层次遍历。
遍历,操作,1800,1802,dictionary,二叉树的遍历方式包括先序遍历、中序遍历、后序遍历和层次遍历。
先序遍历,操作,1806,1810,dictionary,二叉树的遍历方式包括先序遍历、中序遍历、后序遍历和层次遍历。
遍历,操作,1808,1810,dictionary,二叉树的遍历方式包括先序遍历、中序遍历、后序遍历和层次遍历。
中序遍历,操作,1811,1815,dictionary,二叉树的遍历方式包括先序遍历、中序遍历、后序遍历和层次遍历。
遍历,操作,1813,1815,dictionary,二叉树的遍历方式包括先序遍历、中序遍历、后序遍历和层次遍历。
后序遍历,操作,1816,1820,dictionary,二叉树的遍历方式包括先序遍历、中序遍历、后序遍历和层次遍历。
遍历,操作,1818,1820,dictionary,二叉树的遍历方式包括先序遍历、中序遍历、后序遍历和层次遍历。
层次遍历,操作,1821,1825,dictionary,二叉树的遍历方式包括先序遍历、中序遍历、后序遍历和层次遍历。
遍历,操作,1823,1825,dictionary,二叉树的遍历方式包括先序遍历、中序遍历、后序遍历和层次遍历。
图,数据结构,1828,1829,dictionary,图是一种用于存储逻辑关系为多对多的数据结构。
存储,操作,1834,1836,dictionary,图是一种用于存储逻辑关系为多对多的数据结构。
多对多,性质特征,1841,1844,dictionary,图是一种用于存储逻辑关系为多对多的数据结构。
数据结构,基础概念,1845,1849,dictionary,图是一种用于存储逻辑关系为多对多的数据结构。
图,数据结构,1850,1851,dictionary,图由顶点和边组成。
顶点,基础概念,1852,1854,dictionary,图由顶点和边组成。
边,基础概念,1855,1856,dictionary,图由顶点和边组成。
图,数据结构,1859,1860,dictionary,图中的顶点表示数据元素，边表示数据元素之间的关系。
顶点,基础概念,1862,1864,dictionary,图中的顶点表示数据元素，边表示数据元素之间的关系。
数据元素,基础概念,1866,1870,dictionary,图中的顶点表示数据元素，边表示数据元素之间的关系。
边,基础概念,1871,1872,dictionary,图中的顶点表示数据元素，边表示数据元素之间的关系。
数据元素,基础概念,1874,1878,dictionary,图中的顶点表示数据元素，边表示数据元素之间的关系。
图,数据结构,1884,1885,dictionary,图的基本概念包括连通图、生成树、最小生成树、重连通图、最短路径和关键路径。
连通,性质特征,1892,1894,dictionary,图的基本概念包括连通图、生成树、最小生成树、重连通图、最短路径和关键路径。
图,数据结构,1894,1895,dictionary,图的基本概念包括连通图、生成树、最小生成树、重连通图、最短路径和关键路径。
树,数据结构,1898,1899,dictionary,图的基本概念包括连通图、生成树、最小生成树、重连通图、最短路径和关键路径。
最小生成树,应用问题,1900,1905,dictionary,图的基本概念包括连通图、生成树、最小生成树、重连通图、最短路径和关键路径。
树,数据结构,1904,1905,dictionary,图的基本概念包括连通图、生成树、最小生成树、重连通图、最短路径和关键路径。
连通,性质特征,1907,1909,dictionary,图的基本概念包括连通图、生成树、最小生成树、重连通图、最短路径和关键路径。
图,数据结构,1909,1910,dictionary,图的基本概念包括连通图、生成树、最小生成树、重连通图、最短路径和关键路径。
最短路径,应用问题,1911,1915,dictionary,图的基本概念包括连通图、生成树、最小生成树、重连通图、最短路径和关键路径。
关键路径,应用问题,1916,1920,dictionary,图的基本概念包括连通图、生成树、最小生成树、重连通图、最短路径和关键路径。
图,数据结构,1923,1924,dictionary,图可以采用顺序存储结构和链式存储结构。
顺序存储,存储结构,1928,1932,dictionary,图可以采用顺序存储结构和链式存储结构。
存储,操作,1930,1932,dictionary,图可以采用顺序存储结构和链式存储结构。
链式存储,存储结构,1935,1939,dictionary,图可以采用顺序存储结构和链式存储结构。
存储,操作,1937,1939,dictionary,图可以采用顺序存储结构和链式存储结构。
图,数据结构,1942,1943,dictionary,图的顺序存储结构通常使用邻接矩阵。
顺序存储,存储结构,1944,1948,dictionary,图的顺序存储结构通常使用邻接矩阵。
存储,操作,1946,1948,dictionary,图的顺序存储结构通常使用邻接矩阵。
邻接矩阵,结构子类,1954,1958,dictionary,图的顺序存储结构通常使用邻接矩阵。
矩阵,数据结构,1956,1958,dictionary,图的顺序存储结构通常使用邻接矩阵。
图,数据结构,1959,1960,dictionary,图的链式存储结构包括邻接表、十字链表和邻接多重表。
链式存储,存储结构,1961,1965,dictionary,图的链式存储结构包括邻接表、十字链表和邻接多重表。
存储,操作,1963,1965,dictionary,图的链式存储结构包括邻接表、十字链表和邻接多重表。
邻接表,结构子类,1969,1972,dictionary,图的链式存储结构包括邻接表、十字链表和邻接多重表。
十字链表,结构子类,1973,1977,dictionary,图的链式存储结构包括邻接表、十字链表和邻接多重表。
链表,数据结构,1975,1977,dictionary,图的链式存储结构包括邻接表、十字链表和邻接多重表。
邻接多重表,结构子类,1978,1983,dictionary,图的链式存储结构包括邻接表、十字链表和邻接多重表。
邻接表,结构子类,1984,1987,dictionary,邻接表适合存储稀疏图。
存储,操作,1989,1991,dictionary,邻接表适合存储稀疏图。
稀疏图,结构子类,1991,1994,dictionary,邻接表适合存储稀疏图。
图,数据结构,1993,1994,dictionary,邻接表适合存储稀疏图。
邻接矩阵,结构子类,1995,1999,dictionary,邻接矩阵适合存储稠密图。
矩阵,数据结构,1997,1999,dictionary,邻接矩阵适合存储稠密图。
存储,操作,2001,2003,dictionary,邻接矩阵适合存储稠密图。
稠密图,结构子类,2003,2006,dictionary,邻接矩阵适合存储稠密图。
图,数据结构,2005,2006,dictionary,邻接矩阵适合存储稠密图。
十字链表,结构子类,2007,2011,dictionary,十字链表适合存储有向图。
链表,数据结构,2009,2011,dictionary,十字链表适合存储有向图。
存储,操作,2013,2015,dictionary,十字链表适合存储有向图。
有向图,结构子类,2015,2018,dictionary,十字链表适合存储有向图。
图,数据结构,2017,2018,dictionary,十字链表适合存储有向图。
邻接多重表,结构子类,2019,2024,dictionary,邻接多重表适合存储无向图。
存储,操作,2026,2028,dictionary,邻接多重表适合存储无向图。
无向图,结构子类,2028,2031,dictionary,邻接多重表适合存储无向图。
图,数据结构,2030,2031,dictionary,邻接多重表适合存储无向图。
图,数据结构,2034,2035,dictionary,图的遍历算法包括深度优先搜索算法和广度优先搜索算法。
遍历,操作,2036,2038,dictionary,图的遍历算法包括深度优先搜索算法和广度优先搜索算法。
深度优先搜索,算法,2042,2048,dictionary,图的遍历算法包括深度优先搜索算法和广度优先搜索算法。
广度优先搜索,算法,2051,2057,dictionary,图的遍历算法包括深度优先搜索算法和广度优先搜索算法。
深度优先搜索,算法,2060,2066,dictionary,深度优先搜索算法简称DFS。
DFS,算法,2070,2073,dictionary,深度优先搜索算法简称DFS。
广度优先搜索,算法,2074,2080,dictionary,广度优先搜索算法简称BFS。
BFS,算法,2084,2087,dictionary,广度优先搜索算法简称BFS。
深度优先搜索,算法,2088,2094,dictionary,深度优先搜索可以生成深度优先生成树或深度优先生成森林。
树,数据结构,2104,2105,dictionary,深度优先搜索可以生成深度优先生成树或深度优先生成森林。
森林,数据结构,2112,2114,dictionary,深度优先搜索可以生成深度优先生成树或深度优先生成森林。
广度优先搜索,算法,2115,2121,dictionary,广度优先搜索可以生成广度优先生成树或广度优先生成森林。
树,数据结构,2131,2132,dictionary,广度优先搜索可以生成广度优先生成树或广度优先生成森林。
森林,数据结构,2139,2141,dictionary,广度优先搜索可以生成广度优先生成树或广度优先生成森林。
最小生成树,应用问题,2144,2149,dictionary,最小生成树是带权连通图中权值总和最小的生成树。
树,数据结构,2148,2149,dictionary,最小生成树是带权连通图中权值总和最小的生成树。
带权,性质特征,2150,2152,dictionary,最小生成树是带权连通图中权值总和最小的生成树。
连通,性质特征,2152,2154,dictionary,最小生成树是带权连通图中权值总和最小的生成树。
图,数据结构,2154,2155,dictionary,最小生成树是带权连通图中权值总和最小的生成树。
树,数据结构,2165,2166,dictionary,最小生成树是带权连通图中权值总和最小的生成树。
最小生成树,应用问题,2168,2173,dictionary,求最小生成树的算法包括Prim算法和Kruskal算法。
树,数据结构,2172,2173,dictionary,求最小生成树的算法包括Prim算法和Kruskal算法。
Prim算法,算法,2178,2184,dictionary,求最小生成树的算法包括Prim算法和Kruskal算法。
Kruskal算法,算法,2185,2194,dictionary,求最小生成树的算法包括Prim算法和Kruskal算法。
Prim算法,算法,2195,2201,dictionary,Prim算法适合稠密图。
稠密图,结构子类,2203,2206,dictionary,Prim算法适合稠密图。
图,数据结构,2205,2206,dictionary,Prim算法适合稠密图。
Kruskal算法,算法,2207,2216,dictionary,Kruskal算法适合稀疏图。
稀疏图,结构子类,2218,2221,dictionary,Kruskal算法适合稀疏图。
图,数据结构,2220,2221,dictionary,Kruskal算法适合稀疏图。
最短路径,应用问题,2224,2228,dictionary,最短路径问题用于求解图中两个顶点之间代价最小的路径。
图,数据结构,2234,2235,dictionary,最短路径问题用于求解图中两个顶点之间代价最小的路径。
顶点,基础概念,2238,2240,dictionary,最短路径问题用于求解图中两个顶点之间代价最小的路径。
最短路径,应用问题,2251,2255,dictionary,求最短路径的算法包括Dijkstra算法和Floyd算法。
Dijkstra算法,算法,2260,2270,dictionary,求最短路径的算法包括Dijkstra算法和Floyd算法。
Floyd算法,算法,2271,2278,dictionary,求最短路径的算法包括Dijkstra算法和Floyd算法。
Dijkstra算法,算法,2279,2289,dictionary,Dijkstra算法适合求单源最短路径。
最短路径,应用问题,2294,2298,dictionary,Dijkstra算法适合求单源最短路径。
Floyd算法,算法,2299,2306,dictionary,Floyd算法适合求所有顶点之间的最短路径。
顶点,基础概念,2311,2313,dictionary,Floyd算法适合求所有顶点之间的最短路径。
最短路径,应用问题,2316,2320,dictionary,Floyd算法适合求所有顶点之间的最短路径。
图,数据结构,2321,2322,dictionary,图相关的其他算法还包括拓扑排序算法。
拓扑排序算法,算法,2332,2338,dictionary,图相关的其他算法还包括拓扑排序算法。
排序,操作,2334,2336,dictionary,图相关的其他算法还包括拓扑排序算法。
拓扑排序算法,算法,2339,2345,dictionary,拓扑排序算法常用于有向无环图。
排序,操作,2341,2343,dictionary,拓扑排序算法常用于有向无环图。
有向无环图,结构子类,2348,2353,dictionary,拓扑排序算法常用于有向无环图。
图,数据结构,2352,2353,dictionary,拓扑排序算法常用于有向无环图。
查找,操作,2356,2358,dictionary,查找表是一种用于查找数据元素的数据结构。
查找表,数据结构,2356,2359,dictionary,查找表是一种用于查找数据元素的数据结构。
查找,操作,2364,2366,dictionary,查找表是一种用于查找数据元素的数据结构。
数据元素,基础概念,2366,2370,dictionary,查找表是一种用于查找数据元素的数据结构。
数据结构,基础概念,2371,2375,dictionary,查找表是一种用于查找数据元素的数据结构。
查找,操作,2376,2378,dictionary,查找表可以分为静态查找表和动态查找表。
查找表,数据结构,2376,2379,dictionary,查找表可以分为静态查找表和动态查找表。
静态查找表,结构子类,2383,2388,dictionary,查找表可以分为静态查找表和动态查找表。
查找,操作,2385,2387,dictionary,查找表可以分为静态查找表和动态查找表。
查找表,数据结构,2385,2388,dictionary,查找表可以分为静态查找表和动态查找表。
动态查找表,结构子类,2389,2394,dictionary,查找表可以分为静态查找表和动态查找表。
查找,操作,2391,2393,dictionary,查找表可以分为静态查找表和动态查找表。
查找表,数据结构,2391,2394,dictionary,查找表可以分为静态查找表和动态查找表。
静态查找表,结构子类,2395,2400,dictionary,静态查找表只进行查找和读取操作，不改变表的存储结构。
查找,操作,2397,2399,dictionary,静态查找表只进行查找和读取操作，不改变表的存储结构。
查找表,数据结构,2397,2400,dictionary,静态查找表只进行查找和读取操作，不改变表的存储结构。
查找,操作,2403,2405,dictionary,静态查找表只进行查找和读取操作，不改变表的存储结构。
读取,操作,2406,2408,dictionary,静态查找表只进行查找和读取操作，不改变表的存储结构。
存储,操作,2416,2418,dictionary,静态查找表只进行查找和读取操作，不改变表的存储结构。
动态查找表,结构子类,2421,2426,dictionary,动态查找表在查找过程中可能进行插入或删除操作，因此查找表的结构可能发生变化。
查找,操作,2423,2425,dictionary,动态查找表在查找过程中可能进行插入或删除操作，因此查找表的结构可能发生变化。
查找表,数据结构,2423,2426,dictionary,动态查找表在查找过程中可能进行插入或删除操作，因此查找表的结构可能发生变化。
查找,操作,2427,2429,dictionary,动态查找表在查找过程中可能进行插入或删除操作，因此查找表的结构可能发生变化。
插入,操作,2436,2438,dictionary,动态查找表在查找过程中可能进行插入或删除操作，因此查找表的结构可能发生变化。
删除,操作,2439,2441,dictionary,动态查找表在查找过程中可能进行插入或删除操作，因此查找表的结构可能发生变化。
查找,操作,2446,2448,dictionary,动态查找表在查找过程中可能进行插入或删除操作，因此查找表的结构可能发生变化。
查找表,数据结构,2446,2449,dictionary,动态查找表在查找过程中可能进行插入或删除操作，因此查找表的结构可能发生变化。
静态查找表,结构子类,2461,2466,dictionary,静态查找表的查找方法包括顺序查找、二分查找、分块查找和静态树表查找。
查找,操作,2463,2465,dictionary,静态查找表的查找方法包括顺序查找、二分查找、分块查找和静态树表查找。
查找表,数据结构,2463,2466,dictionary,静态查找表的查找方法包括顺序查找、二分查找、分块查找和静态树表查找。
查找,操作,2467,2469,dictionary,静态查找表的查找方法包括顺序查找、二分查找、分块查找和静态树表查找。
顺序查找,算法,2473,2477,dictionary,静态查找表的查找方法包括顺序查找、二分查找、分块查找和静态树表查找。
查找,操作,2475,2477,dictionary,静态查找表的查找方法包括顺序查找、二分查找、分块查找和静态树表查找。
二分查找,算法,2478,2482,dictionary,静态查找表的查找方法包括顺序查找、二分查找、分块查找和静态树表查找。
查找,操作,2480,2482,dictionary,静态查找表的查找方法包括顺序查找、二分查找、分块查找和静态树表查找。
分块查找,算法,2483,2487,dictionary,静态查找表的查找方法包括顺序查找、二分查找、分块查找和静态树表查找。
查找,操作,2485,2487,dictionary,静态查找表的查找方法包括顺序查找、二分查找、分块查找和静态树表查找。
静态树表查找,算法,2488,2494,dictionary,静态查找表的查找方法包括顺序查找、二分查找、分块查找和静态树表查找。
树,数据结构,2490,2491,dictionary,静态查找表的查找方法包括顺序查找、二分查找、分块查找和静态树表查找。
查找,操作,2492,2494,dictionary,静态查找表的查找方法包括顺序查找、二分查找、分块查找和静态树表查找。
顺序查找,算法,2495,2499,dictionary,顺序查找适合无序表。
查找,操作,2497,2499,dictionary,顺序查找适合无序表。
无序,性质特征,2501,2503,dictionary,顺序查找适合无序表。
二分查找,算法,2505,2509,dictionary,二分查找适合有序顺序表。
查找,操作,2507,2509,dictionary,二分查找适合有序顺序表。
有序,性质特征,2511,2513,dictionary,二分查找适合有序顺序表。
顺序表,数据结构,2513,2516,dictionary,二分查找适合有序顺序表。
分块查找,算法,2517,2521,dictionary,分块查找结合了顺序查找和索引查找的思想。
查找,操作,2519,2521,dictionary,分块查找结合了顺序查找和索引查找的思想。
顺序查找,算法,2524,2528,dictionary,分块查找结合了顺序查找和索引查找的思想。
查找,操作,2526,2528,dictionary,分块查找结合了顺序查找和索引查找的思想。
索引查找,算法,2529,2533,dictionary,分块查找结合了顺序查找和索引查找的思想。
查找,操作,2531,2533,dictionary,分块查找结合了顺序查找和索引查找的思想。
动态查找表,结构子类,2539,2544,dictionary,动态查找表包括二叉排序树、平衡二叉树、红黑树、B树、B+树、键树和哈希表。
查找,操作,2541,2543,dictionary,动态查找表包括二叉排序树、平衡二叉树、红黑树、B树、B+树、键树和哈希表。
查找表,数据结构,2541,2544,dictionary,动态查找表包括二叉排序树、平衡二叉树、红黑树、B树、B+树、键树和哈希表。
二叉排序树,结构子类,2546,2551,dictionary,动态查找表包括二叉排序树、平衡二叉树、红黑树、B树、B+树、键树和哈希表。
排序,操作,2548,2550,dictionary,动态查找表包括二叉排序树、平衡二叉树、红黑树、B树、B+树、键树和哈希表。
树,数据结构,2550,2551,dictionary,动态查找表包括二叉排序树、平衡二叉树、红黑树、B树、B+树、键树和哈希表。
平衡,性质特征,2552,2554,dictionary,动态查找表包括二叉排序树、平衡二叉树、红黑树、B树、B+树、键树和哈希表。
平衡二叉树,结构子类,2552,2557,dictionary,动态查找表包括二叉排序树、平衡二叉树、红黑树、B树、B+树、键树和哈希表。
二叉树,结构子类,2554,2557,dictionary,动态查找表包括二叉排序树、平衡二叉树、红黑树、B树、B+树、键树和哈希表。
树,数据结构,2556,2557,dictionary,动态查找表包括二叉排序树、平衡二叉树、红黑树、B树、B+树、键树和哈希表。
红黑树,结构子类,2558,2561,dictionary,动态查找表包括二叉排序树、平衡二叉树、红黑树、B树、B+树、键树和哈希表。
树,数据结构,2560,2561,dictionary,动态查找表包括二叉排序树、平衡二叉树、红黑树、B树、B+树、键树和哈希表。
B树,结构子类,2562,2564,dictionary,动态查找表包括二叉排序树、平衡二叉树、红黑树、B树、B+树、键树和哈希表。
树,数据结构,2563,2564,dictionary,动态查找表包括二叉排序树、平衡二叉树、红黑树、B树、B+树、键树和哈希表。
B+树,结构子类,2565,2568,dictionary,动态查找表包括二叉排序树、平衡二叉树、红黑树、B树、B+树、键树和哈希表。
树,数据结构,2567,2568,dictionary,动态查找表包括二叉排序树、平衡二叉树、红黑树、B树、B+树、键树和哈希表。
键树,结构子类,2569,2571,dictionary,动态查找表包括二叉排序树、平衡二叉树、红黑树、B树、B+树、键树和哈希表。
树,数据结构,2570,2571,dictionary,动态查找表包括二叉排序树、平衡二叉树、红黑树、B树、B+树、键树和哈希表。
哈希表,数据结构,2572,2575,dictionary,动态查找表包括二叉排序树、平衡二叉树、红黑树、B树、B+树、键树和哈希表。
二叉排序树,结构子类,2576,2581,dictionary,二叉排序树是一种具有有序性质的二叉树。
排序,操作,2578,2580,dictionary,二叉排序树是一种具有有序性质的二叉树。
树,数据结构,2580,2581,dictionary,二叉排序树是一种具有有序性质的二叉树。
有序,性质特征,2586,2588,dictionary,二叉排序树是一种具有有序性质的二叉树。
二叉树,结构子类,2591,2594,dictionary,二叉排序树是一种具有有序性质的二叉树。
树,数据结构,2593,2594,dictionary,二叉排序树是一种具有有序性质的二叉树。
平衡,性质特征,2595,2597,dictionary,平衡二叉树又称AVL树。
平衡二叉树,结构子类,2595,2600,dictionary,平衡二叉树又称AVL树。
二叉树,结构子类,2597,2600,dictionary,平衡二叉树又称AVL树。
树,数据结构,2599,2600,dictionary,平衡二叉树又称AVL树。
树,数据结构,2605,2606,dictionary,平衡二叉树又称AVL树。
平衡,性质特征,2607,2609,dictionary,平衡二叉树通过保持树的高度平衡来提高查找效率。
平衡二叉树,结构子类,2607,2612,dictionary,平衡二叉树通过保持树的高度平衡来提高查找效率。
二叉树,结构子类,2609,2612,dictionary,平衡二叉树通过保持树的高度平衡来提高查找效率。
树,数据结构,2611,2612,dictionary,平衡二叉树通过保持树的高度平衡来提高查找效率。
树,数据结构,2616,2617,dictionary,平衡二叉树通过保持树的高度平衡来提高查找效率。
平衡,性质特征,2620,2622,dictionary,平衡二叉树通过保持树的高度平衡来提高查找效率。
查找,操作,2625,2627,dictionary,平衡二叉树通过保持树的高度平衡来提高查找效率。
红黑树,结构子类,2630,2633,dictionary,红黑树是一种近似平衡的二叉查找树。
树,数据结构,2632,2633,dictionary,红黑树是一种近似平衡的二叉查找树。
平衡,性质特征,2638,2640,dictionary,红黑树是一种近似平衡的二叉查找树。
查找,操作,2643,2645,dictionary,红黑树是一种近似平衡的二叉查找树。
树,数据结构,2645,2646,dictionary,红黑树是一种近似平衡的二叉查找树。
B树,结构子类,2647,2649,dictionary,B树和B+树常用于数据库索引和文件系统。
树,数据结构,2648,2649,dictionary,B树和B+树常用于数据库索引和文件系统。
B+树,结构子类,2650,2653,dictionary,B树和B+树常用于数据库索引和文件系统。
树,数据结构,2652,2653,dictionary,B树和B+树常用于数据库索引和文件系统。
数据库索引,应用问题,2656,2661,dictionary,B树和B+树常用于数据库索引和文件系统。
文件系统,应用问题,2662,2666,dictionary,B树和B+树常用于数据库索引和文件系统。
哈希表,数据结构,2667,2670,dictionary,哈希表通过哈希函数将关键字映射到存储地址。
关键字,基础概念,2677,2680,dictionary,哈希表通过哈希函数将关键字映射到存储地址。
存储,操作,2683,2685,dictionary,哈希表通过哈希函数将关键字映射到存储地址。
哈希表,数据结构,2688,2691,dictionary,哈希表的主要操作包括插入、删除和查找。
插入,操作,2698,2700,dictionary,哈希表的主要操作包括插入、删除和查找。
删除,操作,2701,2703,dictionary,哈希表的主要操作包括插入、删除和查找。
查找,操作,2704,2706,dictionary,哈希表的主要操作包括插入、删除和查找。
排序,操作,2709,2711,dictionary,排序算法用于将一组数据按照指定规则重新排列。
排序,操作,2733,2735,dictionary,常见排序算法包括插入排序、希尔排序、冒泡排序、快速排序、选择排序、堆排序、归并排序和基数排序。
插入,操作,2739,2741,dictionary,常见排序算法包括插入排序、希尔排序、冒泡排序、快速排序、选择排序、堆排序、归并排序和基数排序。
插入排序,算法,2739,2743,dictionary,常见排序算法包括插入排序、希尔排序、冒泡排序、快速排序、选择排序、堆排序、归并排序和基数排序。
排序,操作,2741,2743,dictionary,常见排序算法包括插入排序、希尔排序、冒泡排序、快速排序、选择排序、堆排序、归并排序和基数排序。
希尔排序,算法,2744,2748,dictionary,常见排序算法包括插入排序、希尔排序、冒泡排序、快速排序、选择排序、堆排序、归并排序和基数排序。
排序,操作,2746,2748,dictionary,常见排序算法包括插入排序、希尔排序、冒泡排序、快速排序、选择排序、堆排序、归并排序和基数排序。
冒泡排序,算法,2749,2753,dictionary,常见排序算法包括插入排序、希尔排序、冒泡排序、快速排序、选择排序、堆排序、归并排序和基数排序。
排序,操作,2751,2753,dictionary,常见排序算法包括插入排序、希尔排序、冒泡排序、快速排序、选择排序、堆排序、归并排序和基数排序。
快速排序,算法,2754,2758,dictionary,常见排序算法包括插入排序、希尔排序、冒泡排序、快速排序、选择排序、堆排序、归并排序和基数排序。
排序,操作,2756,2758,dictionary,常见排序算法包括插入排序、希尔排序、冒泡排序、快速排序、选择排序、堆排序、归并排序和基数排序。
选择排序,算法,2759,2763,dictionary,常见排序算法包括插入排序、希尔排序、冒泡排序、快速排序、选择排序、堆排序、归并排序和基数排序。
排序,操作,2761,2763,dictionary,常见排序算法包括插入排序、希尔排序、冒泡排序、快速排序、选择排序、堆排序、归并排序和基数排序。
堆,数据结构,2764,2765,dictionary,常见排序算法包括插入排序、希尔排序、冒泡排序、快速排序、选择排序、堆排序、归并排序和基数排序。
堆排序,算法,2764,2767,dictionary,常见排序算法包括插入排序、希尔排序、冒泡排序、快速排序、选择排序、堆排序、归并排序和基数排序。
排序,操作,2765,2767,dictionary,常见排序算法包括插入排序、希尔排序、冒泡排序、快速排序、选择排序、堆排序、归并排序和基数排序。
归并排序,算法,2768,2772,dictionary,常见排序算法包括插入排序、希尔排序、冒泡排序、快速排序、选择排序、堆排序、归并排序和基数排序。
排序,操作,2770,2772,dictionary,常见排序算法包括插入排序、希尔排序、冒泡排序、快速排序、选择排序、堆排序、归并排序和基数排序。
基数排序,算法,2773,2777,dictionary,常见排序算法包括插入排序、希尔排序、冒泡排序、快速排序、选择排序、堆排序、归并排序和基数排序。
排序,操作,2775,2777,dictionary,常见排序算法包括插入排序、希尔排序、冒泡排序、快速排序、选择排序、堆排序、归并排序和基数排序。
