头实体,头实体类别,关系,尾实体,尾实体类别,置信度,触发词,证据数量,示例证据
数据结构,基础概念,包含,物理结构,基础概念,0.9,分为,1,数据结构可以分为逻辑结构和物理结构。
数据结构,基础概念,包含,逻辑结构,基础概念,0.9,分为,1,数据结构可以分为逻辑结构和物理结构。
物理结构,基础概念,包含,链式存储,存储结构,0.9,包括,1,常见的物理结构包括顺序存储结构和链式存储结构。
物理结构,基础概念,包含,顺序存储,存储结构,0.9,包括,1,常见的物理结构包括顺序存储结构和链式存储结构。
结点,基础概念,包含,指针,基础概念,0.9,包括 / 包含,3,链表的结点通常包括数据域和指针域。
逻辑结构,基础概念,包含,图结构,逻辑结构,0.9,包括,1,常见的逻辑结构包括线性结构、树形结构、图结构和集合结构。
逻辑结构,基础概念,包含,树形结构,逻辑结构,0.9,包括,1,常见的逻辑结构包括线性结构、树形结构、图结构和集合结构。
逻辑结构,基础概念,包含,线性结构,逻辑结构,0.9,包括,1,常见的逻辑结构包括线性结构、树形结构、图结构和集合结构。
逻辑结构,基础概念,包含,集合结构,逻辑结构,0.9,包括,1,常见的逻辑结构包括线性结构、树形结构、图结构和集合结构。
链式存储,存储结构,包含,指针,基础概念,0.9,组成,1,二叉树的链式存储结构通常由数据域、左指针域和右指针域组成。
链式存储,存储结构,包含,块链存储,存储结构,0.9,包括,1,串的链式存储包括块链存储。
链式存储,存储结构,包含,十字链表,结构子类,0.9,包括,1,图的链式存储结构包括邻接表、十字链表和邻接多重表。
链式存储,存储结构,包含,邻接多重表,结构子类,0.9,包括,1,图的链式存储结构包括邻接表、十字链表和邻接多重表。
链式存储,存储结构,包含,邻接表,结构子类,0.9,包括,1,图的链式存储结构包括邻接表、十字链表和邻接多重表。
顺序存储,存储结构,包含,堆分配存储,存储结构,0.9,包括,1,串的顺序存储包括定长顺序存储和堆分配存储。
最小生成树,应用问题,包含,Kruskal算法,算法,0.9,包括,1,求最小生成树的算法包括Prim算法和Kruskal算法。
最小生成树,应用问题,包含,Prim算法,算法,0.9,包括,1,求最小生成树的算法包括Prim算法和Kruskal算法。
最短路径,应用问题,包含,Dijkstra算法,算法,0.9,包括,1,求最短路径的算法包括Dijkstra算法和Floyd算法。
最短路径,应用问题,包含,Floyd算法,算法,0.9,包括,1,求最短路径的算法包括Dijkstra算法和Floyd算法。
串,数据结构,包含,块链存储,存储结构,0.9,包括,1,串的链式存储包括块链存储。
串,数据结构,包含,堆分配存储,存储结构,0.9,包括,1,串的顺序存储包括定长顺序存储和堆分配存储。
串,数据结构,包含,顺序存储,存储结构,0.9,包括,1,串的顺序存储包括定长顺序存储和堆分配存储。
串,数据结构,包含,BF算法,算法,0.9,包括,1,串相关的算法包括BF算法和KMP算法。
串,数据结构,包含,KMP算法,算法,0.9,包括,1,串相关的算法包括BF算法和KMP算法。
串,数据结构,属于,数据结构,基础概念,0.92,是一种,1,串是一种用于存储多个字符的数据结构。
哈希表,数据结构,包含,删除,操作,0.9,包括,1,哈希表的主要操作包括插入、删除和查找。
哈希表,数据结构,包含,插入,操作,0.9,包括,1,哈希表的主要操作包括插入、删除和查找。
哈希表,数据结构,包含,查找,操作,0.9,包括,1,哈希表的主要操作包括插入、删除和查找。
图,数据结构,包含,边,基础概念,0.9,组成,1,图由顶点和边组成。
图,数据结构,包含,顶点,基础概念,0.9,组成,1,图由顶点和边组成。
图,数据结构,包含,关键路径,应用问题,0.9,包括,1,图的基本概念包括连通图、生成树、最小生成树、重连通图、最短路径和关键路径。
图,数据结构,包含,最小生成树,应用问题,0.9,包括,1,图的基本概念包括连通图、生成树、最小生成树、重连通图、最短路径和关键路径。
图,数据结构,包含,最短路径,应用问题,0.9,包括,1,图的基本概念包括连通图、生成树、最小生成树、重连通图、最短路径和关键路径。
图,数据结构,包含,连通,性质特征,0.9,包括,1,图的基本概念包括连通图、生成树、最小生成树、重连通图、最短路径和关键路径。
图,数据结构,包含,树,数据结构,0.9,包括,1,图的基本概念包括连通图、生成树、最小生成树、重连通图、最短路径和关键路径。
图,数据结构,包含,广度优先搜索,算法,0.9,包括,1,图的遍历算法包括深度优先搜索算法和广度优先搜索算法。
图,数据结构,包含,拓扑排序算法,算法,0.9,包括,1,图相关的其他算法还包括拓扑排序算法。
图,数据结构,包含,深度优先搜索,算法,0.9,包括,1,图的遍历算法包括深度优先搜索算法和广度优先搜索算法。
图,数据结构,包含,十字链表,结构子类,0.9,包括,1,图的链式存储结构包括邻接表、十字链表和邻接多重表。
图,数据结构,包含,邻接多重表,结构子类,0.9,包括,1,图的链式存储结构包括邻接表、十字链表和邻接多重表。
图,数据结构,包含,邻接表,结构子类,0.9,包括,1,图的链式存储结构包括邻接表、十字链表和邻接多重表。
图,数据结构,属于,数据结构,基础概念,0.92,是一种,1,图是一种用于存储逻辑关系为多对多的数据结构。
广义表,数据结构,包含,复制,操作,0.9,包括,1,广义表的常见操作包括复制、遍历和求长度。
广义表,数据结构,包含,遍历,操作,0.9,包括,1,广义表的常见操作包括复制、遍历和求长度。
数组,数据结构,属于,数据结构,基础概念,0.92,是一种,1,数组是一种按照顺序存储方式组织数据的数据结构。
查找表,数据结构,包含,动态查找表,结构子类,0.9,分为,1,查找表可以分为静态查找表和动态查找表。
查找表,数据结构,包含,静态查找表,结构子类,0.9,分为,1,查找表可以分为静态查找表和动态查找表。
查找表,数据结构,属于,数据结构,基础概念,0.92,是一种,1,查找表是一种用于查找数据元素的数据结构。
栈,数据结构,包含,括号匹配,应用问题,0.9,包括,1,栈的典型应用包括递归调用、进制转换、括号匹配和表达式求值。
栈,数据结构,包含,表达式求值,应用问题,0.9,包括,1,栈的典型应用包括递归调用、进制转换、括号匹配和表达式求值。
栈,数据结构,包含,进制转换,应用问题,0.9,包括,1,栈的典型应用包括递归调用、进制转换、括号匹配和表达式求值。
栈,数据结构,包含,递归调用,应用问题,0.9,包括,1,栈的典型应用包括递归调用、进制转换、括号匹配和表达式求值。
栈,数据结构,包含,链栈,结构子类,0.9,包括,1,栈包括顺序栈和链栈。
栈,数据结构,包含,顺序栈,结构子类,0.9,包括,1,栈包括顺序栈和链栈。
栈,数据结构,属于,线性表,数据结构,0.92,是一种,1,栈是一种特殊的线性表。
树,数据结构,包含,结点,基础概念,0.9,组成,1,树由结点和边组成。
树,数据结构,包含,边,基础概念,0.9,组成,1,树由结点和边组成。
树,数据结构,包含,二叉树,结构子类,0.9,包括,1,树包括普通树、二叉树、线索二叉树和哈夫曼树。
树,数据结构,包含,哈夫曼树,结构子类,0.9,包括,1,树包括普通树、二叉树、线索二叉树和哈夫曼树。
树,数据结构,包含,普通树,结构子类,0.9,包括,1,树包括普通树、二叉树、线索二叉树和哈夫曼树。
树,数据结构,包含,线索二叉树,结构子类,0.9,包括,1,树包括普通树、二叉树、线索二叉树和哈夫曼树。
树,数据结构,属于,数据结构,基础概念,0.92,是一种,1,树是一种用于存储逻辑关系为一对多的数据结构。
线性表,数据结构,包含,链表,数据结构,0.9,包括,1,线性表包括顺序表、链表和静态链表。
线性表,数据结构,包含,顺序表,数据结构,0.9,包括,1,线性表包括顺序表、链表和静态链表。
线性表,数据结构,包含,静态链表,结构子类,0.9,包括,1,线性表包括顺序表、链表和静态链表。
线性表,数据结构,属于,数据结构,基础概念,0.92,是一种,1,线性表是一种用于存储逻辑关系为一对一的数据结构。
链表,数据结构,包含,指针,基础概念,0.9,包括,1,链表的结点通常包括数据域和指针域。
链表,数据结构,包含,结点,基础概念,0.9,包括,1,链表相关的常见问题包括删除链表倒数第N个结点、单链表反转、判断两个单链表是否相交和判断链表中是否存在环。
链表,数据结构,包含,删除,操作,0.9,包括,1,链表相关的常见问题包括删除链表倒数第N个结点、单链表反转、判断两个单链表是否相交和判断链表中是否存在环。
链表,数据结构,包含,反转,操作,0.9,包括,1,链表相关的常见问题包括删除链表倒数第N个结点、单链表反转、判断两个单链表是否相交和判断链表中是否存在环。
链表,数据结构,包含,单链表,结构子类,0.9,包括,2,链表包括单链表、双向链表、循环链表和双向循环链表。
链表,数据结构,包含,双向循环链表,结构子类,0.9,包括,1,链表包括单链表、双向链表、循环链表和双向循环链表。
链表,数据结构,包含,双向链表,结构子类,0.9,包括,1,链表包括单链表、双向链表、循环链表和双向循环链表。
链表,数据结构,包含,循环链表,结构子类,0.9,包括,1,链表包括单链表、双向链表、循环链表和双向循环链表。
链表,数据结构,属于,线性表,数据结构,0.92,是一种,1,链表是一种采用链式存储结构实现的线性表。
队列,数据结构,包含,栈,数据结构,0.9,包括,1,队列的典型问题包括两个栈实现一个队列和两个队列实现一个栈。
队列,数据结构,包含,循环队列,结构子类,0.9,包括,1,队列包括顺序队列、循环队列和链式队列。
队列,数据结构,包含,链式队列,结构子类,0.9,包括,1,队列包括顺序队列、循环队列和链式队列。
队列,数据结构,包含,顺序队列,结构子类,0.9,包括,1,队列包括顺序队列、循环队列和链式队列。
队列,数据结构,属于,线性表,数据结构,0.92,是一种,1,队列是一种特殊的线性表。
顺序表,数据结构,属于,线性表,数据结构,0.92,是一种,1,顺序表是一种采用顺序存储结构实现的线性表。
二叉排序树,结构子类,属于,二叉树,结构子类,0.92,是一种,1,二叉排序树是一种具有有序性质的二叉树。
二叉树,结构子类,包含,指针,基础概念,0.9,组成,1,二叉树的链式存储结构通常由数据域、左指针域和右指针域组成。
二叉树,结构子类,包含,中序遍历,操作,0.9,包括,1,二叉树的遍历方式包括先序遍历、中序遍历、后序遍历和层次遍历。
二叉树,结构子类,包含,先序遍历,操作,0.9,包括,1,二叉树的遍历方式包括先序遍历、中序遍历、后序遍历和层次遍历。
二叉树,结构子类,包含,后序遍历,操作,0.9,包括,1,二叉树的遍历方式包括先序遍历、中序遍历、后序遍历和层次遍历。
二叉树,结构子类,包含,层次遍历,操作,0.9,包括,1,二叉树的遍历方式包括先序遍历、中序遍历、后序遍历和层次遍历。
动态查找表,结构子类,包含,哈希表,数据结构,0.9,包括,1,动态查找表包括二叉排序树、平衡二叉树、红黑树、B树、B+树、键树和哈希表。
动态查找表,结构子类,包含,B+树,结构子类,0.9,包括,1,动态查找表包括二叉排序树、平衡二叉树、红黑树、B树、B+树、键树和哈希表。
动态查找表,结构子类,包含,B树,结构子类,0.9,包括,1,动态查找表包括二叉排序树、平衡二叉树、红黑树、B树、B+树、键树和哈希表。
动态查找表,结构子类,包含,二叉排序树,结构子类,0.9,包括,1,动态查找表包括二叉排序树、平衡二叉树、红黑树、B树、B+树、键树和哈希表。
动态查找表,结构子类,包含,平衡二叉树,结构子类,0.9,包括,1,动态查找表包括二叉排序树、平衡二叉树、红黑树、B树、B+树、键树和哈希表。
动态查找表,结构子类,包含,红黑树,结构子类,0.9,包括,1,动态查找表包括二叉排序树、平衡二叉树、红黑树、B树、B+树、键树和哈希表。
动态查找表,结构子类,包含,键树,结构子类,0.9,包括,1,动态查找表包括二叉排序树、平衡二叉树、红黑树、B树、B+树、键树和哈希表。
单链表,结构子类,包含,指针,基础概念,0.9,包含,1,单链表的每个结点只包含一个指向后继结点的指针。
双向链表,结构子类,包含,指针,基础概念,0.9,包含,1,双向链表的每个结点包含指向前驱结点和后继结点的两个指针。
红黑树,结构子类,属于,树,数据结构,0.92,是一种,1,红黑树是一种近似平衡的二叉查找树。
静态查找表,结构子类,包含,二分查找,算法,0.9,包括,1,静态查找表的查找方法包括顺序查找、二分查找、分块查找和静态树表查找。
静态查找表,结构子类,包含,分块查找,算法,0.9,包括,1,静态查找表的查找方法包括顺序查找、二分查找、分块查找和静态树表查找。
静态查找表,结构子类,包含,静态树表查找,算法,0.9,包括,1,静态查找表的查找方法包括顺序查找、二分查找、分块查找和静态树表查找。
静态查找表,结构子类,包含,顺序查找,算法,0.9,包括,1,静态查找表的查找方法包括顺序查找、二分查找、分块查找和静态树表查找。
静态链表,结构子类,属于,线性表,数据结构,0.92,是一种,1,静态链表是一种使用数组模拟链式存储结构的线性表。
